userId,true_label,pred_prob
100012,1,0.37773836
200001,1,0.3664721
63,1,0.26361027
29,1,0.22986798
73,1,0.092526734
200018,1,0.038196158
106,1,0.018685356
70,1,0.0022795007
