userId,true_label,pred_prob
14,0,0.85178995
200002,0,0.7292056
43,0,0.6376684
57,0,0.6232283
