{
  "roc_auc": 0.6693548387096774,
  "pr_auc": 0.4848713945696704,
  "report": {
    "0": {
      "precision": 0.7714285714285715,
      "recall": 0.8709677419354839,
      "f1-score": 0.8181818181818182,
      "support": 31.0
    },
    "1": {
      "precision": 0.5,
      "recall": 0.3333333333333333,
      "f1-score": 0.4,
      "support": 12.0
    },
    "accuracy": 0.7209302325581395,
    "macro avg": {
      "precision": 0.6357142857142857,
      "recall": 0.6021505376344086,
      "f1-score": 0.6090909090909091,
      "support": 43.0
    },
    "weighted avg": {
      "precision": 0.6956810631229235,
      "recall": 0.7209302325581395,
      "f1-score": 0.7014799154334039,
      "support": 43.0
    }
  },
  "confusion_matrix": [
    [
      27,
      4
    ],
    [
      8,
      4
    ]
  ]
}